{"cameraMode":{"drawMode":0,"name":"Shaded","section":"Shading Mode"},"sceneLighting":true,"audioPlay":false,"sceneViewState":{"showFog":true,"showMaterialUpdate":false,"showSkybox":true,"showFlares":true,"showImageEffects":true,"showParticleSystems":true},"in2DMode":false,"pivot":{"x":-10.693967819213868,"y":3.3442399501800539,"z":77.59166717529297},"rotation":{"x":0.007554787211120129,"y":-0.06164880469441414,"z":0.0008972728392109275,"w":0.9982728362083435},"size":100.95708465576172,"orthographic":false}