{"cameraMode":{"drawMode":0,"name":"Shaded","section":"Shading Mode"},"sceneLighting":true,"audioPlay":false,"sceneViewState":{"showFog":true,"showMaterialUpdate":false,"showSkybox":true,"showFlares":true,"showImageEffects":true,"showParticleSystems":true},"in2DMode":false,"pivot":{"x":-1.4693551063537598,"y":6.154814720153809,"z":-24.608257293701173},"rotation":{"x":0.10124024003744126,"y":-0.0800786018371582,"z":0.008418343029916287,"w":0.9917724132537842},"size":1.403043270111084,"orthographic":false}