{"cameraMode":{"drawMode":0,"name":"Shaded","section":"Shading Mode"},"sceneLighting":true,"audioPlay":false,"sceneViewState":{"showFog":true,"showMaterialUpdate":false,"showSkybox":true,"showFlares":true,"showImageEffects":true,"showParticleSystems":true},"in2DMode":false,"pivot":{"x":-3.354116439819336,"y":-0.7487977743148804,"z":-17.542192459106447},"rotation":{"x":0.2925570607185364,"y":-0.30289945006370547,"z":0.09820031374692917,"w":0.901809573173523},"size":10.016573905944825,"orthographic":false}