{"cameraMode":{"drawMode":0,"name":"Shaded","section":"Shading Mode"},"sceneLighting":true,"audioPlay":false,"sceneViewState":{"showFog":true,"showMaterialUpdate":false,"showSkybox":true,"showFlares":true,"showImageEffects":true,"showParticleSystems":true},"in2DMode":false,"pivot":{"x":-2.5614423751831056,"y":1.7203178405761719,"z":39.124183654785159},"rotation":{"x":-0.012369842268526554,"y":-0.3017426133155823,"z":0.003375643864274025,"w":-0.9536200761795044},"size":1.403043270111084,"orthographic":false}