{"cameraMode":{"drawMode":0,"name":"Shaded","section":"Shading Mode"},"sceneLighting":true,"audioPlay":false,"sceneViewState":{"showFog":true,"showMaterialUpdate":false,"showSkybox":true,"showFlares":true,"showImageEffects":true,"showParticleSystems":true},"in2DMode":false,"pivot":{"x":3.162876605987549,"y":-2.7521958351135256,"z":122.72633361816406},"rotation":{"x":0.11834484338760376,"y":0.03303562477231026,"z":-0.004114396870136261,"w":0.9925333857536316},"size":21.39486312866211,"orthographic":false}