{"cameraMode":{"drawMode":0,"name":"Shaded","section":"Shading Mode"},"sceneLighting":true,"audioPlay":false,"sceneViewState":{"showFog":true,"showMaterialUpdate":false,"showSkybox":true,"showFlares":true,"showImageEffects":true,"showParticleSystems":true},"in2DMode":false,"pivot":{"x":47.156097412109378,"y":-47.99297332763672,"z":108.15332794189453},"rotation":{"x":-0.1666557639837265,"y":-0.1913928985595703,"z":0.0320352241396904,"w":-0.9671732783317566},"size":158.09768676757813,"orthographic":false}