{"cameraMode":{"drawMode":0,"name":"Shaded","section":"Shading Mode"},"sceneLighting":true,"audioPlay":false,"sceneViewState":{"showFog":true,"showMaterialUpdate":false,"showSkybox":true,"showFlares":true,"showImageEffects":true,"showParticleSystems":true},"in2DMode":false,"pivot":{"x":-3.477059841156006,"y":-45.012882232666019,"z":7.398181915283203},"rotation":{"x":0.5081530809402466,"y":-0.05423376336693764,"z":0.034346964210271838,"w":0.859611988067627},"size":60.586856842041019,"orthographic":false}