{"cameraMode":{"drawMode":0,"name":"Shaded","section":"Shading Mode"},"sceneLighting":true,"audioPlay":false,"sceneViewState":{"showFog":true,"showMaterialUpdate":false,"showSkybox":true,"showFlares":true,"showImageEffects":true,"showParticleSystems":true},"in2DMode":false,"pivot":{"x":-11.100894927978516,"y":1.3850312232971192,"z":-18.138381958007814},"rotation":{"x":0.20307886600494386,"y":-0.6787687540054321,"z":0.20378027856349946,"w":0.6758393049240112},"size":28.630136489868165,"orthographic":false}