{"cameraMode":{"drawMode":0,"name":"Shaded","section":"Shading Mode"},"sceneLighting":true,"audioPlay":false,"sceneViewState":{"showFog":true,"showMaterialUpdate":false,"showSkybox":true,"showFlares":true,"showImageEffects":true,"showParticleSystems":true},"in2DMode":false,"pivot":{"x":126.68150329589844,"y":15.041156768798829,"z":142.58384704589845},"rotation":{"x":-0.03690961003303528,"y":0.4826468229293823,"z":0.020554764196276666,"w":0.8749688863754273},"size":138.6839599609375,"orthographic":false}