{"cameraMode":{"drawMode":0,"name":"Shaded","section":"Shading Mode"},"sceneLighting":true,"audioPlay":false,"sceneViewState":{"showFog":true,"showMaterialUpdate":false,"showSkybox":true,"showFlares":true,"showImageEffects":true,"showParticleSystems":true},"in2DMode":false,"pivot":{"x":-22.414234161376954,"y":0.5214605331420898,"z":85.75420379638672},"rotation":{"x":0.022394293919205667,"y":-0.09583020210266113,"z":0.0021609882824122907,"w":0.9951475262641907},"size":107.1444091796875,"orthographic":false}