{"cameraMode":{"drawMode":0,"name":"Shaded","section":"Shading Mode"},"sceneLighting":true,"audioPlay":false,"sceneViewState":{"showFog":true,"showMaterialUpdate":false,"showSkybox":true,"showFlares":true,"showImageEffects":true,"showParticleSystems":true},"in2DMode":false,"pivot":{"x":0.23546242713928224,"y":-1.517716884613037,"z":20.287548065185548},"rotation":{"x":0.0644553080201149,"y":-6.447804423714843e-8,"z":-2.989088443428045e-8,"w":0.9979209899902344},"size":47.414833068847659,"orthographic":false}