{"cameraMode":{"drawMode":0,"name":"Shaded","section":"Shading Mode"},"sceneLighting":true,"audioPlay":false,"sceneViewState":{"showFog":true,"showMaterialUpdate":false,"showSkybox":true,"showFlares":true,"showImageEffects":true,"showParticleSystems":true},"in2DMode":false,"pivot":{"x":-6.708088397979736,"y":-47.440006256103519,"z":56.79235076904297},"rotation":{"x":-0.27068769931793215,"y":0.08721373975276947,"z":-0.02453404851257801,"w":-0.9585839509963989},"size":88.11371612548828,"orthographic":false}