{"cameraMode":{"drawMode":0,"name":"Shaded","section":"Shading Mode"},"sceneLighting":true,"audioPlay":false,"sceneViewState":{"showFog":true,"showMaterialUpdate":false,"showSkybox":true,"showFlares":true,"showImageEffects":true,"showParticleSystems":true},"in2DMode":false,"pivot":{"x":-84.04724884033203,"y":-167.74497985839845,"z":364.6431884765625},"rotation":{"x":-0.2730703353881836,"y":0.12969991564750672,"z":-0.03757082298398018,"w":-0.9526733756065369},"size":347.27972412109377,"orthographic":false}