{"cameraMode":{"drawMode":0,"name":"Shaded","section":"Shading Mode"},"sceneLighting":true,"audioPlay":false,"sceneViewState":{"showFog":true,"showMaterialUpdate":false,"showSkybox":true,"showFlares":true,"showImageEffects":true,"showParticleSystems":true},"in2DMode":false,"pivot":{"x":2.121960163116455,"y":0.5188498497009277,"z":38.551971435546878},"rotation":{"x":0.04198835417628288,"y":0.0008967382018454373,"z":-0.000032377360184909776,"w":0.9991495609283447},"size":56.864418029785159,"orthographic":false}