{"cameraMode":{"drawMode":0,"name":"Shaded","section":"Shading Mode"},"sceneLighting":true,"audioPlay":false,"sceneViewState":{"showFog":true,"showMaterialUpdate":false,"showSkybox":true,"showFlares":true,"showImageEffects":true,"showParticleSystems":true},"in2DMode":false,"pivot":{"x":-0.621347188949585,"y":1.1117403507232667,"z":1.0029501914978028},"rotation":{"x":0.16104945540428163,"y":-0.05415237322449684,"z":0.008850651793181897,"w":0.9854191541671753},"size":7.116222381591797,"orthographic":true}