{"cameraMode":{"drawMode":0,"name":"Shaded","section":"Shading Mode"},"sceneLighting":true,"audioPlay":false,"sceneViewState":{"showFog":true,"showMaterialUpdate":false,"showSkybox":true,"showFlares":true,"showImageEffects":true,"showParticleSystems":true},"in2DMode":false,"pivot":{"x":-18.043527603149415,"y":7.478419780731201,"z":28.6015625},"rotation":{"x":-0.007456686347723007,"y":-0.10838741064071655,"z":-0.0008120090933516622,"w":0.9941052198410034},"size":79.85662841796875,"orthographic":false}
