{"cameraMode":{"drawMode":0,"name":"Shaded","section":"Shading Mode"},"sceneLighting":true,"audioPlay":false,"sceneViewState":{"showFog":true,"showMaterialUpdate":false,"showSkybox":true,"showFlares":true,"showImageEffects":true,"showParticleSystems":true},"in2DMode":false,"pivot":{"x":-2.5727195739746095,"y":7.3606109619140629,"z":-0.6847400665283203},"rotation":{"x":0.10478207468986511,"y":-0.02237512543797493,"z":0.0023519545793533327,"w":0.9942495226860046},"size":12.79254150390625,"orthographic":true}