{"cameraMode":{"drawMode":0,"name":"Shaded","section":"Shading Mode"},"sceneLighting":true,"audioPlay":false,"sceneViewState":{"showFog":true,"showMaterialUpdate":false,"showSkybox":true,"showFlares":true,"showImageEffects":true,"showParticleSystems":true},"in2DMode":false,"pivot":{"x":49.63136291503906,"y":-11.517547607421875,"z":180.2948455810547},"rotation":{"x":0.06482746452093125,"y":0.18909405171871186,"z":-0.012515011243522168,"w":0.9798465967178345},"size":137.37786865234376,"orthographic":false}