{"cameraMode":{"drawMode":0,"name":"Shaded","section":"Shading Mode"},"sceneLighting":true,"audioPlay":false,"sceneViewState":{"showFog":true,"showMaterialUpdate":false,"showSkybox":true,"showFlares":true,"showImageEffects":true,"showParticleSystems":true},"in2DMode":false,"pivot":{"x":-2.7581872940063478,"y":0.38625770807266238,"z":92.35922241210938},"rotation":{"x":0.2706536650657654,"y":-0.4759957194328308,"z":0.15673597157001496,"w":0.8220756649971008},"size":6.458776473999023,"orthographic":false}