{"cameraMode":{"drawMode":0,"name":"Shaded","section":"Shading Mode"},"sceneLighting":true,"audioPlay":false,"sceneViewState":{"showFog":true,"showMaterialUpdate":false,"showSkybox":true,"showFlares":true,"showImageEffects":true,"showParticleSystems":true},"in2DMode":false,"pivot":{"x":-6.00762939453125,"y":1.6709604263305665,"z":-14.025882720947266},"rotation":{"x":0.29020845890045168,"y":-0.5130265951156616,"z":0.1895981878042221,"w":0.7852641940116882},"size":1.6977084875106812,"orthographic":true}