{"cameraMode":{"drawMode":0,"name":"Shaded","section":"Shading Mode"},"sceneLighting":true,"audioPlay":false,"sceneViewState":{"showFog":true,"showMaterialUpdate":false,"showSkybox":true,"showFlares":true,"showImageEffects":true,"showParticleSystems":true},"in2DMode":false,"pivot":{"x":-3.0018820762634279,"y":1.7907700538635255,"z":-12.57504653930664},"rotation":{"x":0.03755947947502136,"y":0.007637645583599806,"z":-0.0002871605393011123,"w":0.9993723034858704},"size":12.01126480102539,"orthographic":false}