{"cameraMode":{"drawMode":0,"name":"Shaded","section":"Shading Mode"},"sceneLighting":true,"audioPlay":false,"sceneViewState":{"showFog":true,"showMaterialUpdate":false,"showSkybox":true,"showFlares":true,"showImageEffects":true,"showParticleSystems":true},"in2DMode":false,"pivot":{"x":-4.834521293640137,"y":14.52678108215332,"z":64.07515716552735},"rotation":{"x":-0.006298408377915621,"y":0.01229188870638609,"z":-0.0001225376909133047,"w":-0.9999349117279053},"size":109.64395141601563,"orthographic":false}