{"cameraMode":{"drawMode":0,"name":"Shaded","section":"Shading Mode"},"sceneLighting":true,"audioPlay":false,"sceneViewState":{"showFog":true,"showMaterialUpdate":false,"showSkybox":true,"showFlares":true,"showImageEffects":true,"showParticleSystems":true},"in2DMode":false,"pivot":{"x":-28.869600296020509,"y":-47.76125717163086,"z":75.0259780883789},"rotation":{"x":0.2150648981332779,"y":-0.764814555644989,"z":0.517259955406189,"w":0.3185919523239136},"size":60.13618469238281,"orthographic":false}