{"cameraMode":{"drawMode":0,"name":"Shaded","section":"Shading Mode"},"sceneLighting":true,"audioPlay":false,"sceneViewState":{"showFog":true,"showMaterialUpdate":false,"showSkybox":true,"showFlares":true,"showImageEffects":true,"showParticleSystems":true},"in2DMode":false,"pivot":{"x":-135.63795471191407,"y":5.866290092468262,"z":-83.505615234375},"rotation":{"x":-0.005842534359544516,"y":0.9476446509361267,"z":-0.017217043787240983,"w":-0.31916651129722597},"size":231.09954833984376,"orthographic":false}