{"cameraMode":{"drawMode":0,"name":"Shaded","section":"Shading Mode"},"sceneLighting":true,"audioPlay":false,"sceneViewState":{"showFog":true,"showMaterialUpdate":false,"showSkybox":true,"showFlares":true,"showImageEffects":true,"showParticleSystems":true},"in2DMode":false,"pivot":{"x":0.11572265625,"y":1.4107675552368165,"z":10.824504852294922},"rotation":{"x":0.20551614463329316,"y":0.00909770093858242,"z":-0.0019098573829978705,"w":0.9786105751991272},"size":25.523603439331056,"orthographic":true}