{"cameraMode":{"drawMode":0,"name":"Shaded","section":"Shading Mode"},"sceneLighting":true,"audioPlay":false,"sceneViewState":{"showFog":true,"showMaterialUpdate":false,"showSkybox":true,"showFlares":true,"showImageEffects":true,"showParticleSystems":true},"in2DMode":false,"pivot":{"x":53.792842864990237,"y":-29.039125442504884,"z":-61.114349365234378},"rotation":{"x":0.04689718782901764,"y":0.9396651387214661,"z":-0.1432466059923172,"w":0.30721697211265566},"size":109.64395141601563,"orthographic":false}