{"cameraMode":{"drawMode":0,"name":"Shaded","section":"Shading Mode"},"sceneLighting":true,"audioPlay":false,"sceneViewState":{"showFog":true,"showMaterialUpdate":false,"showSkybox":true,"showFlares":true,"showImageEffects":true,"showParticleSystems":true},"in2DMode":false,"pivot":{"x":-21.754627227783204,"y":8.747084617614746,"z":99.51068878173828},"rotation":{"x":0.0934486985206604,"y":-0.5072804689407349,"z":0.05542101711034775,"w":0.8550256490707398},"size":35.360015869140628,"orthographic":false}