{"cameraMode":{"drawMode":0,"name":"Shaded","section":"Shading Mode"},"sceneLighting":true,"audioPlay":false,"sceneViewState":{"showFog":true,"showMaterialUpdate":false,"showSkybox":true,"showFlares":true,"showImageEffects":true,"showParticleSystems":true},"in2DMode":false,"pivot":{"x":-3.135219097137451,"y":-0.16695451736450196,"z":-4.738643646240234},"rotation":{"x":0.07342298328876496,"y":0.017351163551211358,"z":-0.0012806134764105082,"w":0.9971604943275452},"size":29.843156814575197,"orthographic":false}