{"cameraMode":{"drawMode":0,"name":"Shaded","section":"Shading Mode"},"sceneLighting":true,"audioPlay":false,"sceneViewState":{"showFog":true,"showMaterialUpdate":false,"showSkybox":true,"showFlares":true,"showImageEffects":true,"showParticleSystems":true},"in2DMode":false,"pivot":{"x":-8.814997673034668,"y":14.173473358154297,"z":91.41280364990235},"rotation":{"x":0.12576301395893098,"y":-0.5807346701622009,"z":0.09136782586574555,"w":0.7992463111877441},"size":17.822141647338868,"orthographic":false}