{"cameraMode":{"drawMode":0,"name":"Shaded","section":"Shading Mode"},"sceneLighting":true,"audioPlay":false,"sceneViewState":{"showFog":true,"showMaterialUpdate":false,"showSkybox":true,"showFlares":true,"showImageEffects":true,"showParticleSystems":true},"in2DMode":false,"pivot":{"x":-25.326702117919923,"y":5.954397201538086,"z":64.11369323730469},"rotation":{"x":0.15252883732318879,"y":-0.3533565402030945,"z":0.058505598455667499,"w":0.9211255311965942},"size":53.24258041381836,"orthographic":false}